{
	"schemaVersion": 1,
	"id": "joosemod-telekinesis-fabric",
	"version": "${version}",
	"name": "JooseMod-Telekinesis-Fabric",
	"description": "This is an example description! Tell everyone what your mod is about!",
	"authors": [
		"Me!"
	],
	"contact": {
		"homepage": "https://fabricmc.net/",
		"sources": "https://github.com/FabricMC/fabric-example-mod"
	},
	"license": "CC0-1.0",
	"icon": "assets/joosemod-telekinesis-fabric/icon.png",
	"environment": "*",
	"entrypoints": {
		"main": [
			"net.joosemann.telekinesis.JooseModTelekinesisFabric"
		],
		"fabric-datagen": [
			"net.joosemann.telekinesis.JooseModTelekinesisFabricDataGenerator"
		]
	},
	"mixins": [
		"joosemod-telekinesis-fabric.mixins.json"
	],
	"depends": {
		"fabricloader": ">=0.14.24",
		"minecraft": "~1.20.1",
		"java": ">=17",
		"fabric-api": "*"
	},
	"suggests": {
		"another-mod": "*"
	}
}